Workbook

Sheet Client Summary
A1: Third-Party Risk Assessment — Client Summary
A3: Decision Snapshot
A4: Vendor | B4: =Assessment!B4 -> CloudServe Technologies Ltd.
A5: Service | B5: =Assessment!B5 -> SaaS Customer Support & Case Management
A6: Assessment Status | B6: =Assessment!B8 -> In Progress
A7: Inherent Risk Score | B7: ='Risk Calculation'!B5 -> 3
A8: Risk Rating | B8: ='Risk Calculation'!B6 -> Moderate
A9: Recommended Vendor Tier | B9: ='Vendor Tiering'!B6 -> Tier 2
A10: Due-Diligence Level | B10: ='Vendor Tiering'!B7 -> Standard
A11: Monitoring Frequency | B11: ='Vendor Tiering'!B8 -> Periodic review
A12: Override Indicators | B12: ='Risk Calculation'!B7 -> 0
A13: Override Review | B13: ='Risk Calculation'!B8 -> No override flagged
A16: Risk Dimension Scores
A17: Dimension | B17: Score
A18: Data Sensitivity | B18: =Assessment!C12 -> 3
A19: Data Volume | B19: =Assessment!C13 -> 3
A20: Business Criticality | B20: =Assessment!C14 -> 3
A21: Access & Integration | B21: =Assessment!C15 -> 3
A22: Fourth-Party Dependency | B22: =Assessment!C16 -> 3
A25: Analyst Note
A32: This summary is designed for client-facing review. Inherent risk is assessed before considering control effectiveness. Any override indicator should be investigated, documented and approved through the organization's governance process rather than automatically changing the vendor tier.
A37: Control Effectiveness & Residual Risk
A38: Control Effectiveness | B38: ='Control Evaluation'!B18&" ("&'Control Evaluation'!B19&")" -> 3.38 (Partial)
A39: Residual Risk Rating | B39: ='Residual Risk'!B9 -> Low-Moderate
A40: Residual Vendor Tier (final) | B40: ='Residual Risk'!B10 -> Tier 3

Sheet Assessment
A1: Third-Party Risk Tiering & Assessment Calculator — V2
A3: Vendor / Assessment Information
A4: Vendor Name | B4: CloudServe Technologies Ltd.
A5: Service / Product | B5: SaaS Customer Support & Case Management
A6: Assessment Owner | B6: GRC / TPRM Analyst
A7: Assessment Date
A8: Assessment Status | B8: In Progress
A10: INHERENT RISK INPUTS
A11: Risk Dimension | B11: Assessment Question | C11: Score (1–5) | D11: Rationale / Evidence | E11: Override Flag | F11: Recommended Evidence (Documents to Request)
A12: Data Sensitivity | B12: What is the sensitivity of the information the vendor stores, processes or accesses? | C12: 3 | E12: No | F12: Score 4-5: Require a signed Data Processing Agreement (DPA) covering the data categories in scope, and confirm encryption-at-rest/in-transit controls referenced in the vendor's SOC 2 Type II report or ISO 27001 Statement of Applicability. Score 1-3: A data classification policy or vendor security overview is typically sufficient.
A13: Data Volume | B13: What is the approximate volume or scale of information handled by the vendor? | C13: 3 | E13: No | F13: Score 4-5: Request a data inventory or data-flow diagram showing record counts and retention periods; cross-check against the scope defined in the DPA. Score 1-3: The vendor's stated service scope is typically sufficient.
A14: Business Criticality | B14: How critical is the vendor service to business operations? | C14: 3 | E14: No | F14: Score 4-5: Require the vendor's Business Continuity Plan and most recent DR test results, including stated RTO/RPO, and confirm uptime commitments in the MSA/SLA. Score 1-3: Standard SLA terms are typically sufficient.
A15: Access & Integration | B15: What level of system, network or privileged access does the vendor have? | C15: 3 | E15: No | F15: Score 4-5: Verify MFA enforcement and least-privilege access controls referenced in the SOC 2 report's logical access (CC6) controls, or a completed access-control questionnaire; review the integration/API architecture. Score 1-3: A vendor security questionnaire response is typically sufficient.
A16: Fourth-Party Dependency | B16: How much risk is introduced by subcontractors, cloud providers or other fourth parties? | C16: 3 | E16: No | F16: Score 4-5: Request the vendor's sub-processor list (often a DPA addendum) and confirm each sub-processor holds current SOC 2 or ISO 27001 certification; check for concentration risk such as single-region hosting. Score 1-3: A general subcontractor disclosure statement is typically sufficient.
A18: Override Review
A19: Potential override indicators should trigger documented review. They do not automatically force Tier 1.
A20: Critical production / privileged access | B20: No | C20: Enter supporting evidence
A21: Override / Escalation Notes | B21: Document the rationale for any override or escalation, including material regulatory dependency, critical production access, significant concentration risk, severe data residency concerns, known significant security concerns, or material unresolved findings.
A22: Material regulatory dependency | B22: No | C22: Enter supporting evidence
A23: Critical single-provider dependency | B23: No | C23: Enter supporting evidence
A25: ASSESSMENT RESULT
A27: Inherent Risk Score | B27: ='Risk Calculation'!B5 -> 3 | D27: Decision Note
A28: Risk Rating | B28: ='Risk Calculation'!B6 -> Moderate | D28: The calculated result is the starting point. Review the override indicators and document professional judgement before finalizing the vendor tier.
A29: Vendor Tier | B29: ='Vendor Tiering'!B6 -> Tier 2
A30: Recommended Due Diligence | B30: ='Vendor Tiering'!B7 -> Standard

Sheet Scoring Matrix
A1: SCORING MATRIX
A3: Score | B3: Risk Meaning | C3: Data Sensitivity | D3: Data Volume | E3: Business Criticality | F3: Access & Integration
A4: 1 | B4: Very Low | C4: Public / non-sensitive | D4: Minimal volume | E4: Low business impact | F4: No meaningful system access
A5: 2 | B5: Low | C5: Internal information | D5: Low volume | E5: Limited business impact | F5: Low-risk connectivity / user access
A6: 3 | B6: Moderate | C6: Confidential / standard personal data | D6: Moderate volume | E6: Material business impact | F6: Standard application or data access
A7: 4 | B7: High | C7: Sensitive personal / financial / regulated data | D7: High volume | E7: High business impact | F7: Privileged or significant integration
A8: 5 | B8: Very High | C8: Highly sensitive / regulated information | D8: Very high volume | E8: Critical business dependency | F8: Privileged production / deep integration
A11: Fourth-Party Dependency
A12: 1 | B12: Very Low | C12: No material subcontractor dependency
A13: 2 | B13: Low | C13: Limited / low-impact subcontractors
A14: 3 | B14: Moderate | C14: Material subcontractor involvement
A15: 4 | B15: High | C15: Significant reliance on sub-processors
A16: 5 | B16: Very High | C16: Critical / opaque fourth-party dependency
A19: INHERENT RISK BANDS
A20: 1.00–1.79 | B20: Low
A21: 1.80–2.59 | B21: Low-Moderate
A22: 2.60–3.39 | B22: Moderate
A23: 3.40–4.19 | B23: High
A24: 4.20–5.00 | B24: Critical

Sheet Risk Calculation
A1: Automated Risk Calculation
A3: Metric | B3: Result | C3: Interpretation
A4: Total Risk Score | B4: =SUM(Assessment!C12:C16) -> 15 | C4: Sum of the five inherent-risk dimensions
A5: Average Inherent Risk Score | B5: =ROUND(AVERAGE(Assessment!C12:C16),2) -> 3 | C5: Primary score used for risk banding
A6: Risk Rating | B6: =IF(B5<1.8,"Low",IF(B5<2.6,"Low-Moderate",IF(B5<3.4,"Moderate",IF(B5<4.2,"High","Critical")))) -> Moderate | C6: Risk band based on the Project 1 methodology
A7: Override Indicators | B7: =COUNTIF(Assessment!B20,"Yes")+COUNTIF(Assessment!B22,"Yes")+COUNTIF(Assessment!B23,"Yes") -> 0 | C7: Number of flagged override indicators
A8: Override Review Status | B8: =IF(B7>0,"Review / Document","No override flagged") -> No override flagged | C8: Flags review; does not automatically change the tier
A10: Risk Band | B10: Score Range | C10: Action
A11: Low | B11: 1.00–1.79 | C11: Simplified due diligence
A12: Low-Moderate | B12: 1.80–2.59 | C12: Standard / proportionate due diligence
A13: Moderate | B13: 2.60–3.39 | C13: Standard due diligence + periodic monitoring
A14: High | B14: 3.40–4.19 | C14: Enhanced due diligence + ongoing monitoring
A15: Critical | B15: 4.20–5.00 | C15: Enhanced due diligence + senior risk approval / ongoing monitoring

Sheet Vendor Tiering
A1: Vendor Tiering & Due-Diligence Recommendation
A3: Decision Area | B3: Automated Result | C3: Rule / Guidance | D3: Analyst Action
A4: Inherent Risk Rating | B4: ='Risk Calculation'!B6 -> Moderate | C4: Driven by average score and risk bands | D4: Validate against assessment evidence
A5: Override Review | B5: ='Risk Calculation'!B8 -> No override flagged | C5: Override flags require documented review | D5: Escalate if risk appetite or criticality warrants
A6: Recommended Vendor Tier | B6: =IF('Risk Calculation'!B5>=3.4,"Tier 1",IF('Risk Calculation'!B5>=2.6,"Tier 2","Tier 3")) -> Tier 2 | C6: Tier 1 = High/Critical; Tier 2 = Moderate; Tier 3 = Low/Low-Moderate | D6: Confirm final tier using governance/risk appetite
A7: Due-Diligence Level | B7: =IF(B6="Tier 1","Enhanced",IF(B6="Tier 2","Standard","Simplified")) -> Standard | C7: Proportionate to vendor risk | D7: Select evidence and assessment depth accordingly
A8: Monitoring Frequency | B8: =IF(B6="Tier 1","Continuous / at least annual formal review",IF(B6="Tier 2","Periodic review","Periodic / simplified review")) -> Periodic review | C8: Higher-risk vendors require more frequent oversight | D8: Set monitoring schedule
A9: Recommended Decision | B9: =IF(B6="Tier 1","Proceed only with enhanced review and approval",IF(B6="Tier 2","Proceed with standard due diligence","Proceed with simplified due diligence")) -> Proceed with standard due diligence | C9: Recommendation, not an automatic approval | D9: Obtain appropriate business/risk approval
A11: Important | B11: The score is the starting point. Risk appetite, regulatory obligations, critical access, dependency and documented professional judgement should be considered before approval.

Sheet User Guide
A1: User Guide — V2
A3: Purpose | B3: A practical tool for risk-based third-party/vendor classification and proportionate due diligence.
A4: Step 1 | B4: Complete the Vendor / Assessment Information section.
A5: Step 2 | B5: Score each of the five inherent-risk dimensions from 1–5 using the guidance provided.
A6: Step 3 | B6: Document rationale/evidence for each score.
A7: Step 4 | B7: Flag any override indicators requiring escalation or documented review.
A8: Step 5 | B8: Review the automated risk rating, vendor tier and due-diligence recommendation.
A9: Step 6 | B9: Use Client Summary for a concise decision-ready view.
A10: Important | B10: Inherent risk is assessed before considering controls. Control effectiveness should be assessed separately when determining residual risk.
A11: Governance | B11: The calculator supports analyst judgment; it does not replace organizational risk appetite, policy, regulatory requirements or formal approval.
A12: Portfolio Use | B12: For client work, replace the sample vendor information and customize scoring thresholds/evidence requirements to the client's methodology.

Sheet Control Evaluation
A1: CONTROL EVALUATION
A2: Assesses whether the vendor's actual security controls are effective — separate from, and performed after, the inherent risk score.
A4: Effectiveness scale: 1 = Ineffective 2 = Largely Ineffective 3 = Partially Effective 4 = Largely Effective 5 = Effective
A6: Control Domain | B6: Control Description | C6: Effectiveness (1-5) | D6: Evidence Reviewed? | E6: Notes
A7: Identity & Access Management | B7: MFA enforcement, least-privilege access, periodic access reviews | C7: 4 | D7: Yes
A8: Data Protection / Encryption | B8: Encryption at rest and in transit, key management practices | C8: 4 | D8: Yes
A9: Vulnerability Management | B9: Patching cadence, penetration testing frequency and remediation | C9: 3 | D9: Yes
A10: Security Incident Response | B10: Incident response plan, breach notification timelines | C10: 3 | D10: Yes
A11: Business Continuity & DR | B11: BCP/DR testing frequency, documented RTO/RPO | C11: 3 | D11: Yes
A12: Fourth-Party Risk Management | B12: Sub-processor oversight and monitoring | C12: 2 | D12: Yes
A13: Privacy & Data Processing | B13: DPA in place, lawful basis, data subject rights process | C13: 4 | D13: Yes
A14: Data Return & Secure Destruction | B14: Offboarding data handling and destruction attestation | C14: 4 | D14: Yes
A16: Metric | B16: Result
A17: Total Control Score | B17: =SUM(C7:C14) -> 27
A18: Average Control Effectiveness | B18: =ROUND(AVERAGE(C7:C14),2) -> 3.38
A19: Control Effectiveness Band | B19: =IF(B18<2.6,"Weak",IF(B18<3.8,"Partial","Strong")) -> Partial

Sheet Residual Risk
A1: RESIDUAL RISK
A2: Combines Inherent Risk (before controls) with Control Effectiveness (how well the vendor's actual controls perform) to produce the rating used for final approval.
A4: Metric | B4: Result
A5: Inherent Risk Rating | B5: ='Risk Calculation'!B6 -> Moderate
A6: Control Effectiveness Score | B6: ='Control Evaluation'!B18 -> 3.38
A7: Control Effectiveness Band | B7: ='Control Evaluation'!B19 -> Partial
A9: Residual Risk Rating | B9: =INDEX(B14:D18,MATCH(B5,A14:A18,0),MATCH(B7,B13:D13,0)) -> Low-Moderate
A10: Residual Vendor Tier (final) | B10: =IF(OR(B9="High",B9="Critical"),"Tier 1",IF(B9="Moderate","Tier 2","Tier 3")) -> Tier 3
A12: RESIDUAL RISK MATRIX (reference)
A13: Inherent \ Controls | B13: Weak | C13: Partial | D13: Strong
A14: Low | B14: Low | C14: Low | D14: Low
A15: Low-Moderate | B15: Low-Moderate | C15: Low | D15: Low
A16: Moderate | B16: Moderate | C16: Low-Moderate | D16: Low-Moderate
A17: High | B17: High | C17: Moderate | D17: Moderate
A18: Critical | B18: Critical | C18: High | D18: Moderate
A20: Note: the Vendor Tiering tab shows the tier recommendation based on inherent risk alone — used to scope evidence gathering before controls are assessed. The Residual Vendor Tier above reflects control effectiveness and is the rating that should drive final approval. A Critical inherent risk with Strong controls still lands at Moderate residual, not Low, because inherent risk at that level does not fully wash out — it is reassessed periodically as controls evolve.
